"text","favorited","favoriteCount","replyToSN","created","truncated","replyToSID","id","replyToUID","statusSource","screenName","retweetCount","isRetweet","retweeted","longitude","latitude"
"RT @coderdojorealm: CoderDojo is back for 2018! Great presentations from our ninjas! https://t.co/czBPCQkeCn",FALSE,0,NA,2018-03-11 20:07:28,FALSE,NA,"972927002863837185",NA,"<a href=""http://twitter.com/download/iphone"" rel=""nofollow"">Twitter for iPhone</a>","NaviRoadtrips",1,TRUE,FALSE,NA,NA
"RT @CoderDojoBe: Komaan #Diest!! Laat jullie horen voor #CoderDojo í ½í¸Š https://t.co/nncEkEugD5",FALSE,0,NA,2018-03-11 19:50:16,FALSE,NA,"972922674170290176",NA,"<a href=""http://twitter.com/#!/download/ipad"" rel=""nofollow"">Twitter for iPad</a>","Hanssim",4,TRUE,FALSE,NA,NA
"RT @CoderDojoDL: Fly me to the moon! Maria &amp; Patrick showing their @CoderDojo project. @francisreed wonderful at encouraging the ninjas toâ€¦",FALSE,0,NA,2018-03-11 19:32:57,FALSE,NA,"972918318599475201",NA,"<a href=""http://twitter.com/download/android"" rel=""nofollow"">Twitter for Android</a>","garycarpenter22",3,TRUE,FALSE,NA,NA
"RT @CoderDojoDL: The girls presenting their project about stranger danger on the internet. Great teamwork! @CoderDojo https://t.co/vm5GHjoXâ€¦",FALSE,0,NA,2018-03-11 19:32:53,FALSE,NA,"972918302048743425",NA,"<a href=""http://twitter.com/download/android"" rel=""nofollow"">Twitter for Android</a>","garycarpenter22",3,TRUE,FALSE,NA,NA
"RT @CoderDojoDL: Lucas was at our very 1st session in Jan 2013, still coming, now with his sister! Dad @harperezo was 1 of 3 shortlisted naâ€¦",FALSE,0,NA,2018-03-11 19:32:49,FALSE,NA,"972918285460262914",NA,"<a href=""http://twitter.com/download/android"" rel=""nofollow"">Twitter for Android</a>","garycarpenter22",2,TRUE,FALSE,NA,NA
"RT @CoderDojoDL: Pink bow to match the pink laptop :) @CoderDojo #GirlsCanCode https://t.co/9fHix6kfeJ",FALSE,0,NA,2018-03-11 19:32:37,FALSE,NA,"972918232586838016",NA,"<a href=""http://twitter.com/download/android"" rel=""nofollow"">Twitter for Android</a>","garycarpenter22",2,TRUE,FALSE,NA,NA
"RT @CoderDojoDL: Great buzz today with filming going on, interviewing a day, mentors &amp; champions! @CoderDojo changing kids' futures :) @Codâ€¦",FALSE,0,NA,2018-03-11 19:32:33,FALSE,NA,"972918217076244480",NA,"<a href=""http://twitter.com/download/android"" rel=""nofollow"">Twitter for Android</a>","garycarpenter22",2,TRUE,FALSE,NA,NA
"RT @CoderDojo: Our 2nd book is just one of the prizes young people can win by sharing what they're making at their local Dojo. Tell us abouâ€¦",FALSE,0,NA,2018-03-11 18:34:47,FALSE,NA,"972903681011126272",NA,"<a href=""http://twitter.com/#!/download/ipad"" rel=""nofollow"">Twitter for iPad</a>","bhupenmistry",7,TRUE,FALSE,NA,NA
"RT @CoderDojo: Our 2nd book is just one of the prizes young people can win by sharing what they're making at their local Dojo. Tell us abouâ€¦",FALSE,0,NA,2018-03-11 18:34:05,FALSE,NA,"972903504774860800",NA,"<a href=""http://twitter.com/download/android"" rel=""nofollow"">Twitter for Android</a>","kenok",7,TRUE,FALSE,NA,NA
"RT @helenevirolan: Avye ran a @microbit_edu workshop last week @CoderDojoHam Kingston University with @BenMoneyCoomes and Val! : The Hogwarâ€¦",FALSE,0,NA,2018-03-11 17:58:41,FALSE,NA,"972894594051526656",NA,"<a href=""http://twitter.com/download/android"" rel=""nofollow"">Twitter for Android</a>","LMcUnderwood",7,TRUE,FALSE,NA,NA
"RT @harperezo: @CoderDojoDL @CoderDojo I know! it has been a great journey! from complete newbies in @scratch to #Python, @Raspberry_Pi andâ€¦",FALSE,0,NA,2018-03-11 17:36:11,FALSE,NA,"972888934094163968",NA,"<a href=""http://twitter.com/download/android"" rel=""nofollow"">Twitter for Android</a>","CoderDojoDL",1,TRUE,FALSE,NA,NA
"@CoderDojoDL @CoderDojo I know! it has been a great journey! from complete newbies in @scratch to #Python,â€¦ https://t.co/Eb6j7RbuWw",FALSE,1,"CoderDojoDL",2018-03-11 17:30:22,TRUE,"972809673014423552","972887467199205376","786953762","<a href=""http://twitter.com"" rel=""nofollow"">Twitter Web Client</a>","harperezo",1,FALSE,FALSE,NA,NA
"03/18(æ—¥) [å‚åŠ 4äºº/å®šå“¡6äºº]https://t.co/ILOWay8wKNã€å¯ºå­å±‹ at CoderDojo ä¸‹åŒ—æ²¢ã€‘",FALSE,0,NA,2018-03-11 16:56:56,FALSE,NA,"972879052984877057",NA,"<a href=""http://upmeetup.appspot.com/"" rel=""nofollow"">upmeetup</a>","upmeetup",0,FALSE,FALSE,"139.6633514","35.6654729"
"RT @CoderDojoKC: Hey, Kansas City. We want YOU to be a mentor! #techKC #coderdojo #volunteer #mentor #codethefuture https://t.co/Ycwv5PTCU7",FALSE,0,NA,2018-03-11 16:56:32,FALSE,NA,"972878954179670016",NA,"<a href=""http://twitter.com/download/iphone"" rel=""nofollow"">Twitter for iPhone</a>","connectingkc",6,TRUE,FALSE,NA,NA
"[æ–°ç€] 2018/03/18ï¼ˆæ—¥ï¼‰ å¯ºå­å±‹ at CoderDojo ä¸‹åŒ—æ²¢ https://t.co/fi1ZjRmJVF",FALSE,0,NA,2018-03-11 16:45:40,FALSE,NA,"972876220181311488",NA,"<a href=""http://maraigue.hhiro.net/twbot/"" rel=""nofollow"">twbot2.rb</a>","atnd_kanto",0,FALSE,FALSE,NA,NA
"03/17(åœŸ) [æ–°ç€][äººæ°—ä¸Šæ˜‡ä¸­][å‚åŠ 16äºº/å®šå“¡16äºº]https://t.co/YsZ9BNPeZpã€ç¬¬23å›ã‚³ãƒ¼ãƒ€ãƒ¼é“å ´æœ­å¹Œæ± é–‹å‚¬ï¼ã€‘ #CoderDojoSapporoEast",FALSE,0,NA,2018-03-11 16:36:55,FALSE,NA,"972874016607227906",NA,"<a href=""http://upmeetup.appspot.com/"" rel=""nofollow"">upmeetup</a>","upmeetup",0,FALSE,FALSE,"141.385955","43.0561971"
"RT @CloseTheGapInt: Close the Gap is proud of its recent engagement with the Belgian division of @CoderDojoBe, an amazing initiative of volâ€¦",FALSE,0,NA,2018-03-11 16:19:05,FALSE,NA,"972869530841206784",NA,"<a href=""http://twitter.com/#!/download/ipad"" rel=""nofollow"">Twitter for iPad</a>","Anja_M_Buysse",7,TRUE,FALSE,NA,NA
"RT @startuphereTO: CoderDojo Toronto: March Code Club (Ages 8 â€“ 17) - March 18 2018 https://t.co/yGkg1iQsAg",FALSE,0,NA,2018-03-11 15:46:36,FALSE,NA,"972861356377563136",NA,"<a href=""http://twitter.com/download/iphone"" rel=""nofollow"">Twitter for iPhone</a>","SociallyStratCA",3,TRUE,FALSE,NA,NA
"RT @27_yuma: ã€https://t.co/NdqpOP0kb3æ²è¼‰ã€‘
å¹´æœ«å¹´å§‹ã« #æ³‰åŒ—ãƒ‹ãƒ¥ãƒ¼ã‚¿ã‚¦ãƒ³ ã§å–æã—ã¦åŸ·ç­†ã—ãŸè¨˜äº‹ãŒ @greenzjp ã§å…¬é–‹ã•ã‚Œã¾ã—ãŸã€‚
#CoderDojo å ºã‚’é‹å–¶ã™ã‚‹ç”°é‡ç”°ã•ã‚“ã€ #æ³‰åŒ—å‰æœ¬æ–°å–œåŠ‡ å®Ÿè¡Œå§”å“¡é•·ã§ #æ³‰åŒ—é«˜é€Ÿé‰„é“ è»Šâ€¦",FALSE,0,NA,2018-03-11 15:11:20,FALSE,NA,"972852478285787136",NA,"<a href=""http://twitter.com/download/iphone"" rel=""nofollow"">Twitter for iPhone</a>","sakaidaisukida",1,TRUE,FALSE,NA,NA
"RT @pleist: ã«ã‚ƒãƒ¼ã‚“ã€‚KanaFiveãŒmicro:bitã«ã²ã‚‰ãŒãªè¡¨ç¤ºã™ã‚‹ã®ã«ä½¿ã‚ã‚Œã¦ãŸã€‚å¬‰ã—ã„ã€‚ã§ã‚‚ãƒ•ã‚©ãƒ³ãƒˆåFontFiveã˜ã‚ƒãªã„ã§ã™ã€‚ â–¶ micro:bitã§ã²ã‚‰ãŒãªã‚’è¡¨ç¤ºã•ã›ã¦ã¿ã‚ˆã† https://t.co/Uw8NVBPAXJ",FALSE,0,NA,2018-03-11 15:09:11,FALSE,NA,"972851936473968640",NA,"<a href=""http://twitter.com/download/iphone"" rel=""nofollow"">Twitter for iPhone</a>","deckeye",2,TRUE,FALSE,NA,NA
"CoderDojoé³¥å– ç¬¬ï¼‘å›ãŒçµ‚ã‚ã‚Šã¾ã—ãŸã€‚
1å›ç›®ã®æ§˜å­ã§ã™ã€‚
https://t.co/EqdqSDtWpd",FALSE,0,NA,2018-03-11 15:07:06,FALSE,NA,"972851415688163328",NA,"<a href=""http://twitter.com"" rel=""nofollow"">Twitter Web Client</a>","CoderDojoTotori",1,FALSE,FALSE,NA,NA
"RT @startuphereTO: CoderDojo Toronto: March Code Club (Ages 8 â€“ 17) - March 18 2018 https://t.co/yGkg1iQsAg",FALSE,0,NA,2018-03-11 15:02:52,FALSE,NA,"972850350775570432",NA,"<a href=""https://roundteam.co"" rel=""nofollow"">RoundTeam</a>","enterpriseTO",3,TRUE,FALSE,NA,NA
"ã«ã‚ƒãƒ¼ã‚“ã€‚KanaFiveãŒmicro:bitã«ã²ã‚‰ãŒãªè¡¨ç¤ºã™ã‚‹ã®ã«ä½¿ã‚ã‚Œã¦ãŸã€‚å¬‰ã—ã„ã€‚ã§ã‚‚ãƒ•ã‚©ãƒ³ãƒˆåFontFiveã˜ã‚ƒãªã„ã§ã™ã€‚ â–¶ micro:bitã§ã²ã‚‰ãŒãªã‚’è¡¨ç¤ºã•ã›ã¦ã¿ã‚ˆã† https://t.co/Uw8NVBPAXJ",FALSE,1,NA,2018-03-11 15:01:43,FALSE,NA,"972850060735098880",NA,"<a href=""http://twitter.com"" rel=""nofollow"">Twitter Web Client</a>","pleist",2,FALSE,FALSE,NA,NA
"RT @startuphereTO: CoderDojo Toronto: March Code Club (Ages 8 â€“ 17) - March 18 2018 https://t.co/yGkg1iQsAg",FALSE,0,NA,2018-03-11 15:01:10,FALSE,NA,"972849922977517568",NA,"<a href=""https://roundteam.co"" rel=""nofollow"">RoundTeam</a>","rickett_chris",3,TRUE,FALSE,NA,NA
"CoderDojo Toronto: March Code Club (Ages 8 â€“ 17) - March 18 2018 https://t.co/DOijD4K1SV",FALSE,0,NA,2018-03-11 15:00:28,FALSE,NA,"972849744220512256",NA,"<a href=""http://bufferapp.com"" rel=""nofollow"">Buffer</a>","enterpriseTO",0,FALSE,FALSE,NA,NA
"CoderDojo Toronto: March Code Club (Ages 8 â€“ 17) - March 18 2018 https://t.co/V9ghkrnrKm",FALSE,0,NA,2018-03-11 15:00:25,FALSE,NA,"972849733298515970",NA,"<a href=""http://bufferapp.com"" rel=""nofollow"">Buffer</a>","rickett_chris",0,FALSE,FALSE,NA,NA
"CoderDojo Toronto: March Code Club (Ages 8 â€“ 17) - March 18 2018 https://t.co/yGkg1iQsAg",FALSE,0,NA,2018-03-11 15:00:04,FALSE,NA,"972849643834019840",NA,"<a href=""http://bufferapp.com"" rel=""nofollow"">Buffer</a>","startuphereTO",3,FALSE,FALSE,NA,NA
"CoderDojoé³¥å–ç¬¬1å›ã€æ¥½ã—ã‹ã£ãŸ / https://t.co/ObY7moURYD",FALSE,2,NA,2018-03-11 14:37:38,FALSE,NA,"972843999915491328",NA,"<a href=""http://twitter.com"" rel=""nofollow"">Twitter Web Client</a>","chinmo",0,FALSE,FALSE,NA,NA
"RT @CoderDojoDL: Fly me to the moon! Maria &amp; Patrick showing their @CoderDojo project. @francisreed wonderful at encouraging the ninjas toâ€¦",FALSE,0,NA,2018-03-11 14:32:40,FALSE,NA,"972842749568438277",NA,"<a href=""http://twitter.com/download/android"" rel=""nofollow"">Twitter for Android</a>","harperezo",3,TRUE,FALSE,NA,NA
"RT @CoderDojoDL: The girls presenting their project about stranger danger on the internet. Great teamwork! @CoderDojo https://t.co/vm5GHjoXâ€¦",FALSE,0,NA,2018-03-11 14:32:40,FALSE,NA,"972842749560000515",NA,"<a href=""http://twitter.com/download/android"" rel=""nofollow"">Twitter for Android</a>","harperezo",3,TRUE,FALSE,NA,NA
"RT @CoderDojoBe: CoÃ¶rdinaten zijn soms nog een beetje moeilijk. Bij CoderDojo Zemst hebben ze daar iets op gevonden. In @scratch natuurlijkâ€¦",FALSE,0,NA,2018-03-11 14:24:49,FALSE,NA,"972840774801993728",NA,"<a href=""http://twitter.com/download/iphone"" rel=""nofollow"">Twitter for iPhone</a>","robertdeneuro",1,TRUE,FALSE,NA,NA
"RT @CDKashiwa: CoderDojo Kashiwa 100å›ç›®ã‚’è¨˜å¿µã—ãŸãƒ‘ãƒ¼ãƒ†ã‚£ãƒ¼ã‚’é–‹å‚¬ã—ã¾ã—ãŸï¼ã”æ¥å ´é ‚ã„ãŸçš†æ§˜ã€ã‚ã‚ŠãŒã¨ã†ã”ã–ã„ã¾ã—ãŸã€‚ã“ã‚Œã‹ã‚‰ã‚‚ CoderDojo Kashiwa ã‚’ã‚ˆã‚ã—ããŠã­ãŒã„è‡´ã—ã¾ã™ã€‚
#CDK100 https://t.co/kBâ€¦",FALSE,0,NA,2018-03-11 13:35:30,FALSE,NA,"972828363688525825",NA,"<a href=""http://twitter.com/download/iphone"" rel=""nofollow"">Twitter for iPhone</a>","yosukeyama",3,TRUE,FALSE,NA,NA
"RT @yosukeyama: #CoderDojoKashiwa 100å›é–‹å‚¬ãŠã‚ã§ã¨ã†ã”ã–ã„ã¾ã™ï¼
ç¶™ç¶šã¯åŠ›ãªã‚Šã€‚
@mjk_0513 ã•ã‚“ãŒã€é«˜æ ¡ã«å…¥å­¦ã—ãŸã¦ã®é ƒã‹ã‚‰ã€ä¸¸5å¹´ã€‚æ¯æœˆ2å›ã®ãƒšãƒ¼ã‚¹ã§ã€ç¶™ç¶šã—ã¦é–‹å‚¬ã€‚
æœ€åˆã¯ã€å®®å³¶ã•ã‚“ã¨ç§ã®çŸ¥ã‚Šåˆã„ã ã‘ã§ã—ãŸãŒã€ä»Šã§ã¯å…¨å›½ã€ã„ã‚„â€¦",FALSE,0,NA,2018-03-11 13:27:00,FALSE,NA,"972826223675023360",NA,"<a href=""http://twitter.com/download/iphone"" rel=""nofollow"">Twitter for iPhone</a>","Kitahara_048",1,TRUE,FALSE,NA,NA
"RT @CoderDojo: Have young people in your Dojo a project they want to share with the international #CoderDojo community? Only 2 weeks left tâ€¦",FALSE,0,NA,2018-03-11 13:08:52,FALSE,NA,"972821659374837761",NA,"<a href=""http://twitter.com/download/android"" rel=""nofollow"">Twitter for Android</a>","goobric",1,TRUE,FALSE,NA,NA
"RT @CoderDojo: Our 2nd book is just one of the prizes young people can win by sharing what they're making at their local Dojo. Tell us abouâ€¦",FALSE,0,NA,2018-03-11 12:38:40,FALSE,NA,"972814060302499840",NA,"<a href=""https://twitter.com/Ava_ssss"" rel=""nofollow"">hjgyuguguihui</a>","Ava_ssss",7,TRUE,FALSE,NA,NA
"RT @CoderDojo: Our 2nd book is just one of the prizes young people can win by sharing what they're making at their local Dojo. Tell us abouâ€¦",FALSE,0,NA,2018-03-11 12:35:12,FALSE,NA,"972813187027435520",NA,"<a href=""http://twitter.com/download/android"" rel=""nofollow"">Twitter for Android</a>","Liscagodo",7,TRUE,FALSE,NA,NA
"RT @CoderDojoDL: Fly me to the moon! Maria &amp; Patrick showing their @CoderDojo project. @francisreed wonderful at encouraging the ninjas toâ€¦",FALSE,0,NA,2018-03-11 12:34:05,FALSE,NA,"972812904276856833",NA,"<a href=""http://twitter.com/download/android"" rel=""nofollow"">Twitter for Android</a>","SandraMaguire",3,TRUE,FALSE,NA,NA
"Fly me to the moon! Maria &amp; Patrick showing their @CoderDojo project. @francisreed wonderful at encouraging the ninâ€¦ https://t.co/wjYkTdLC7R",FALSE,1,NA,2018-03-11 12:33:12,TRUE,NA,"972812682616336384",NA,"<a href=""http://twitter.com/download/android"" rel=""nofollow"">Twitter for Android</a>","CoderDojoDL",3,FALSE,FALSE,NA,NA
"RT @CoderDojoDL: The girls presenting their project about stranger danger on the internet. Great teamwork! @CoderDojo https://t.co/vm5GHjoXâ€¦",FALSE,0,NA,2018-03-11 12:27:20,FALSE,NA,"972811206569361410",NA,"<a href=""http://twitter.com/download/android"" rel=""nofollow"">Twitter for Android</a>","SandraMaguire",3,TRUE,FALSE,NA,NA
"The girls presenting their project about stranger danger on the internet. Great teamwork! @CoderDojo https://t.co/vm5GHjoX3v",FALSE,4,NA,2018-03-11 12:26:15,FALSE,NA,"972810936552775682",NA,"<a href=""http://twitter.com/download/android"" rel=""nofollow"">Twitter for Android</a>","CoderDojoDL",3,FALSE,FALSE,NA,NA
"RT @CoderDojoDL: Lucas was at our very 1st session in Jan 2013, still coming, now with his sister! Dad @harperezo was 1 of 3 shortlisted naâ€¦",FALSE,0,NA,2018-03-11 12:22:09,FALSE,NA,"972809902732337152",NA,"<a href=""http://twitter.com/download/android"" rel=""nofollow"">Twitter for Android</a>","SandraMaguire",2,TRUE,FALSE,NA,NA
"Lucas was at our very 1st session in Jan 2013, still coming, now with his sister! Dad @harperezo was 1 of 3 shortliâ€¦ https://t.co/TLQ2F8wwtO",FALSE,4,NA,2018-03-11 12:21:14,TRUE,NA,"972809673014423552",NA,"<a href=""http://twitter.com/download/android"" rel=""nofollow"">Twitter for Android</a>","CoderDojoDL",2,FALSE,FALSE,NA,NA
"04/07(åœŸ) [æ–°ç€][å‚åŠ 2äºº]https://t.co/Qy4apyLHOAã€ç¬¬14å›ã€€CoderDojoæ¨ªæµœã€‘ #coderdojoyokohama",FALSE,0,NA,2018-03-11 12:16:56,FALSE,NA,"972808592033067008",NA,"<a href=""http://upmeetup.appspot.com/"" rel=""nofollow"">upmeetup</a>","upmeetup",0,FALSE,FALSE,"139.6207177","35.4684632"
"RT @CoderDojoDL: Pink bow to match the pink laptop :) @CoderDojo #GirlsCanCode https://t.co/9fHix6kfeJ",FALSE,0,NA,2018-03-11 12:06:08,FALSE,NA,"972805872526221313",NA,"<a href=""http://twitter.com/download/android"" rel=""nofollow"">Twitter for Android</a>","SandraMaguire",2,TRUE,FALSE,NA,NA
"RT @CoderDojoDL: Great buzz today with filming going on, interviewing a day, mentors &amp; champions! @CoderDojo changing kids' futures :) @Codâ€¦",FALSE,0,NA,2018-03-11 12:06:01,FALSE,NA,"972805843321278471",NA,"<a href=""http://twitter.com/download/android"" rel=""nofollow"">Twitter for Android</a>","SandraMaguire",2,TRUE,FALSE,NA,NA
"Pink bow to match the pink laptop :) @CoderDojo #GirlsCanCode https://t.co/9fHix6kfeJ",FALSE,1,NA,2018-03-11 12:05:17,FALSE,NA,"972805657098358784",NA,"<a href=""http://twitter.com/download/android"" rel=""nofollow"">Twitter for Android</a>","CoderDojoDL",2,FALSE,FALSE,NA,NA
"Great buzz today with filming going on, interviewing a day, mentors &amp; champions! @CoderDojo changing kids' futuresâ€¦ https://t.co/UZmc5xH6eL",FALSE,1,NA,2018-03-11 12:03:37,TRUE,NA,"972805240184627201",NA,"<a href=""http://twitter.com/download/android"" rel=""nofollow"">Twitter for Android</a>","CoderDojoDL",2,FALSE,FALSE,NA,NA
"ä»Šåº¦ã¯ç«‹å·ã§ã§ã‹ãƒ‰ãƒ¼ã‚¸ãƒ§ãƒ¼ï¼
æ˜¥ä¼‘ã¿çµ‚ç›¤ã®æ€ã„å‡ºä½œã‚Šã«ã€ã¡ã‚‡ã£ã¨è¶³ã‚’ä¼¸ã°ã—ã¦ã¿ã¦ã‚‚ã„ã„ã‹ã‚‚ï¼ï¼Ÿ https://t.co/IYuSyy3Usb",FALSE,0,NA,2018-03-11 12:02:16,FALSE,NA,"972804899149815809",NA,"<a href=""http://twitter.com/download/android"" rel=""nofollow"">Twitter for Android</a>","coderdojo_kote",0,FALSE,FALSE,NA,NA
"ã€ç¬¬9å› CoderDojoå…‰ æº€å“¡å¾¡ç¤¼ã€‘
å¤šæ•°ã®ãŠç”³ã—è¾¼ã¿ã‚ã‚ŠãŒã¨ã†ã”ã–ã„ã¾ã™ã€‚
ä¸€æ—¦ä»Šå›ã®å‹Ÿé›†ã¯ç· ã‚åˆ‡ã‚‰ã›ã¦é ‚ãã¾ã™ã€‚
ã‚‚ã—ãŠç”³ã—è¾¼ã¿å¿˜ã‚Œç­‰ã”ã–ã„ã¾ã—ãŸã‚‰ã€ãŠå•ã„åˆã‚ã›ã‚ˆã‚Šã”é€£çµ¡ãã ã•ã„ã€‚
https://t.co/RCFkYeaopH",FALSE,0,NA,2018-03-11 11:57:04,FALSE,NA,"972803589805494274",NA,"<a href=""http://twitter.com"" rel=""nofollow"">Twitter Web Client</a>","CoderDojoHikari",0,FALSE,FALSE,NA,NA
"#CoderDojoKashiwa 100å›é–‹å‚¬ãŠã‚ã§ã¨ã†ã”ã–ã„ã¾ã™ï¼
ç¶™ç¶šã¯åŠ›ãªã‚Šã€‚
@mjk_0513 ã•ã‚“ãŒã€é«˜æ ¡ã«å…¥å­¦ã—ãŸã¦ã®é ƒã‹ã‚‰ã€ä¸¸5å¹´ã€‚æ¯æœˆ2å›ã®ãƒšãƒ¼ã‚¹ã§ã€ç¶™ç¶šã—ã¦é–‹å‚¬ã€‚
æœ€åˆã¯ã€å®®å³¶ã•ã‚“ã¨ç§ã®çŸ¥ã‚Šåˆã„ã ã‘ã§ã—ãŸãŒã€â€¦ https://t.co/Pbc99Vz1Og",FALSE,2,NA,2018-03-11 11:53:22,TRUE,NA,"972802658934210560",NA,"<a href=""http://twitter.com/download/iphone"" rel=""nofollow"">Twitter for iPhone</a>","yosukeyama",1,FALSE,FALSE,NA,NA
"RT @mjk_0513: CoderDojoã‚±ãƒ¼ã‚­ã‚’ä½œã£ã¦ã‚‚ã‚‰ã„ã¾ã—ãŸï¼ #CoderDojoKashiwa https://t.co/sM3C9kxxj5",FALSE,0,NA,2018-03-11 10:59:21,FALSE,NA,"972789067522822145",NA,"<a href=""http://twitter.com/download/iphone"" rel=""nofollow"">Twitter for iPhone</a>","kwaka1208",3,TRUE,FALSE,NA,NA
"RT @tkc49: ä»Šæ—¥ã¯ CoderDojoæ¢…ç”° ã§ã—ãŸï¼ #coderdojo #coderdojo-umeda https://t.co/i2UV8Jkto2",FALSE,0,NA,2018-03-11 10:57:11,FALSE,NA,"972788521307062272",NA,"<a href=""http://twitter.com/download/iphone"" rel=""nofollow"">Twitter for iPhone</a>","kwaka1208",1,TRUE,FALSE,NA,NA
"RT @CoderDojo: ONLY TWO WEEKS LEFT to register youths project ideas to showcase at @coolestprojects!

Take 5 minutes today to register younâ€¦",FALSE,0,NA,2018-03-11 10:47:41,FALSE,NA,"972786128494395392",NA,"<a href=""http://twitter.com/download/iphone"" rel=""nofollow"">Twitter for iPhone</a>","CoderDojoKK",10,TRUE,FALSE,NA,NA
"RT @DojoCon: Happy Mother's Day to all the mums out there who encourage their ninjas to follow their dreams and are running and volunteerinâ€¦",FALSE,0,NA,2018-03-11 10:47:11,FALSE,NA,"972786003978145792",NA,"<a href=""http://twitter.com/download/iphone"" rel=""nofollow"">Twitter for iPhone</a>","CoderDojoKK",1,TRUE,FALSE,NA,NA
"[æ–°ç€] 2018/04/07ï¼ˆåœŸï¼‰ ç¬¬14å› CoderDojoæ¨ªæµœ https://t.co/R9277pkQpC",FALSE,0,NA,2018-03-11 10:45:34,FALSE,NA,"972785596098686976",NA,"<a href=""http://maraigue.hhiro.net/twbot/"" rel=""nofollow"">twbot2.rb</a>","atnd_kanto",0,FALSE,FALSE,NA,NA
"CoderDojo Aprilia - 17 Marzo 2018 - I robot e i papÃ ! - https://t.co/KeCLFSG43G",FALSE,0,NA,2018-03-11 10:44:34,FALSE,NA,"972785345313038343",NA,"<a href=""http://www.mailchimp.com"" rel=""nofollow"">MailChimp</a>","CoderDojoApr",0,FALSE,FALSE,NA,NA
"ç¬¬14å›ã€€CoderDojoæ¨ªæµœ @ ç¥å¥ˆå·çœŒæ¨ªæµœå¸‚ç¥å¥ˆå·åŒºé¶´å±‹ç”º2-24-2 https://t.co/l5MJU97YeM",FALSE,0,NA,2018-03-11 10:40:14,FALSE,NA,"972784256132009986",NA,"<a href=""https://script.google.com/macros/d/MgNbKX7nH5aQBxXgSbJixsBnQJJj_G6cf/usercallback"" rel=""nofollow"">bot_connpass_tokyo_event</a>","cp_tokyo_events",0,FALSE,FALSE,"139.6207177","35.4684632"
"RT @mjk_0513: CoderDojo ã¯å°å­¦ç”Ÿå‘ã‘ã®ãƒ—ãƒ­ã‚°ãƒ©ãƒŸãƒ³ã‚°é“å ´ã¨è¦‹ã‚‰ã‚ŒãŒã¡ãªã‚“ã ã‘ã©ã€å…¬å¼çš„ã«ã¯ã€Œ7æ­³ã€œ17æ­³ã®å­ã©ã‚‚ãŸã¡å‘ã‘ã€ãªã®ã§ã€ã‚‚ã£ã¨13æ­³ä»¥ä¸Šã®å­ãŸã¡ã‚‚å‚åŠ ã—ã¦ãã‚Œã‚‹ã¨ã„ã„ãªã€‚CoderDojoã®çœŸä¾¡ã¯ã‚€ã—ã‚ãã®å¹´ä»£ã®å­ãŸã¡ã«åˆºã•ã‚Šãã†ã€‚",FALSE,0,NA,2018-03-11 10:26:28,FALSE,NA,"972780792244944896",NA,"<a href=""https://about.twitter.com/products/tweetdeck"" rel=""nofollow"">TweetDeck</a>","yu_san_19",9,TRUE,FALSE,NA,NA
"RT @mjk_0513: CoderDojo ã¯å°å­¦ç”Ÿå‘ã‘ã®ãƒ—ãƒ­ã‚°ãƒ©ãƒŸãƒ³ã‚°é“å ´ã¨è¦‹ã‚‰ã‚ŒãŒã¡ãªã‚“ã ã‘ã©ã€å…¬å¼çš„ã«ã¯ã€Œ7æ­³ã€œ17æ­³ã®å­ã©ã‚‚ãŸã¡å‘ã‘ã€ãªã®ã§ã€ã‚‚ã£ã¨13æ­³ä»¥ä¸Šã®å­ãŸã¡ã‚‚å‚åŠ ã—ã¦ãã‚Œã‚‹ã¨ã„ã„ãªã€‚CoderDojoã®çœŸä¾¡ã¯ã‚€ã—ã‚ãã®å¹´ä»£ã®å­ãŸã¡ã«åˆºã•ã‚Šãã†ã€‚",FALSE,0,NA,2018-03-11 10:22:01,FALSE,NA,"972779671472422913",NA,"<a href=""http://twitter.com/download/android"" rel=""nofollow"">Twitter for Android</a>","coderdojo_konan",9,TRUE,FALSE,NA,NA
"Happy Mother's Day to all the mums out there who encourage their ninjas to follow their dreams and are running andâ€¦ https://t.co/bME0EG3Mxt",FALSE,3,NA,2018-03-11 10:20:52,TRUE,NA,"972779381994160128",NA,"<a href=""http://twitter.com/download/iphone"" rel=""nofollow"">Twitter for iPhone</a>","DojoCon",1,FALSE,FALSE,NA,NA
"RT @CoderdojoF: Itâ€™s a sell out for tomorrowâ€™s @CoderDojo #1 Exciting. :-) https://t.co/ytrufwSlgb",FALSE,0,NA,2018-03-11 10:20:45,FALSE,NA,"972779353921728512",NA,"<a href=""http://twitter.com/#!/download/ipad"" rel=""nofollow"">Twitter for iPad</a>","teknoteacher",4,TRUE,FALSE,NA,NA
"ã€Œç¬¬14å›ã€€CoderDojoæ¨ªæµœã€(04/07 14:00ã€œ) ãŒå…¬é–‹ã•ã‚Œã¾ã—ãŸ https://t.co/Nu4uSTOi4F #connpass",FALSE,0,NA,2018-03-11 10:17:21,FALSE,NA,"972778496131923968",NA,"<a href=""https://connpass.com"" rel=""nofollow"">connpass</a>","connpass_jp",0,FALSE,FALSE,NA,NA
"ç¬¬14å›ã€€CoderDojoæ¨ªæµœ ã‚’å…¬é–‹ã—ã¾ã—ãŸï¼ https://t.co/tF1yN6aJa6 #coderdojoyokohama",FALSE,0,NA,2018-03-11 10:17:05,FALSE,NA,"972778428939223041",NA,"<a href=""https://connpass.com"" rel=""nofollow"">connpass</a>","CoderDojoYKHM",0,FALSE,FALSE,NA,NA
"ã€https://t.co/NdqpOP0kb3æ²è¼‰ã€‘
å¹´æœ«å¹´å§‹ã« #æ³‰åŒ—ãƒ‹ãƒ¥ãƒ¼ã‚¿ã‚¦ãƒ³ ã§å–æã—ã¦åŸ·ç­†ã—ãŸè¨˜äº‹ãŒ @greenzjp ã§å…¬é–‹ã•ã‚Œã¾ã—ãŸã€‚
#CoderDojo å ºã‚’é‹å–¶ã™ã‚‹ç”°é‡ç”°ã•ã‚“ã€ #æ³‰åŒ—å‰æœ¬æ–°å–œåŠ‡ å®Ÿè¡Œå§”å“¡é•·â€¦ https://t.co/CP9AQb0GfZ",FALSE,2,NA,2018-03-11 10:17:01,TRUE,NA,"972778411721613312",NA,"<a href=""http://twitter.com/download/iphone"" rel=""nofollow"">Twitter for iPhone</a>","27_yuma",1,FALSE,FALSE,NA,NA
"03/17(åœŸ) [æ–°ç€][äººæ°—ä¸Šæ˜‡ä¸­][å‚åŠ 8äºº/å®šå“¡16äºº]https://t.co/YsZ9BNPeZpã€ç¬¬23å›ã‚³ãƒ¼ãƒ€ãƒ¼é“å ´æœ­å¹Œæ± é–‹å‚¬ï¼ã€‘ #CoderDojoSapporoEast",FALSE,0,NA,2018-03-11 10:16:56,FALSE,NA,"972778392952094721",NA,"<a href=""http://upmeetup.appspot.com/"" rel=""nofollow"">upmeetup</a>","upmeetup",0,FALSE,FALSE,"141.385955","43.0561971"
"RT @designclub: Young designers prototyping apps using @marvelapp at @Telegraph @CoderDojo í ½í±í ¼í¿¼ https://t.co/Pxxarteymv",FALSE,0,NA,2018-03-11 10:15:50,FALSE,NA,"972778115293474816",NA,"<a href=""http://twitter.com/download/android"" rel=""nofollow"">Twitter for Android</a>","dansutch",1,TRUE,FALSE,NA,NA
"CoderDojo hoodie https://t.co/5hzJsb5o5C",FALSE,0,NA,2018-03-11 09:59:17,FALSE,NA,"972773951469445125",NA,"<a href=""http://instagram.com"" rel=""nofollow"">Instagram</a>","tkc49",0,FALSE,FALSE,NA,NA
"RT @enrico_martines: Tutti gli eventi  Hewlett Packard Enterprise alla #MilanoDigitalWeek: #CoderDojo e #Safe2Web @HPE per portare ai ragazâ€¦",FALSE,0,NA,2018-03-11 09:54:06,FALSE,NA,"972772645862338560",NA,"<a href=""http://www.robertore.it"" rel=""nofollow"">LORELEITRENDSHUNTER</a>","RobRe62",1,TRUE,FALSE,NA,NA
"RT @marcellinusb: look out for the robot snake made at @CoderBendigo today! #coderdojo @RoyalSocietyVic https://t.co/SdbDXlmVkX",FALSE,0,NA,2018-03-11 09:53:07,FALSE,NA,"972772396548505606",NA,"<a href=""http://twitter.com/download/android"" rel=""nofollow"">Twitter for Android</a>","rcrellin",3,TRUE,FALSE,NA,NA
"[æ–°ç€] 2018/03/17ï¼ˆåœŸï¼‰ ç¬¬23å›ã‚³ãƒ¼ãƒ€ãƒ¼é“å ´æœ­å¹Œæ± é–‹å‚¬ï¼ https://t.co/vuY3t2SuU1",FALSE,0,NA,2018-03-11 09:45:22,FALSE,NA,"972770448239771648",NA,"<a href=""http://maraigue.hhiro.net/twbot/"" rel=""nofollow"">twbot2.rb</a>","atnd_hokkaido",0,FALSE,FALSE,NA,NA
"Tutti gli eventi  Hewlett Packard Enterprise alla #MilanoDigitalWeek: #CoderDojo e #Safe2Web @HPE per portare ai raâ€¦ https://t.co/zb0vIrFvIz",FALSE,2,NA,2018-03-11 09:44:38,TRUE,NA,"972770260863651840",NA,"<a href=""http://twitter.com"" rel=""nofollow"">Twitter Web Client</a>","enrico_martines",1,FALSE,FALSE,NA,NA
"RT @CoderDojo: Our 2nd book is just one of the prizes young people can win by sharing what they're making at their local Dojo. Tell us abouâ€¦",FALSE,0,NA,2018-03-11 09:28:51,FALSE,NA,"972766290027995137",NA,"<a href=""http://twitter.com/download/android"" rel=""nofollow"">Twitter for Android</a>","twifonso",7,TRUE,FALSE,NA,NA
"Our 2nd book is just one of the prizes young people can win by sharing what they're making at their local Dojo. Telâ€¦ https://t.co/kXutvIsuyP",FALSE,10,NA,2018-03-11 09:28:06,TRUE,NA,"972766100235673601",NA,"<a href=""http://twitter.com/download/android"" rel=""nofollow"">Twitter for Android</a>","CoderDojo",7,FALSE,FALSE,NA,NA
"Awesome work Faith! #CoderDojoGirls https://t.co/Pynkb9cjWv",FALSE,2,NA,2018-03-11 09:25:12,FALSE,NA,"972765371219546113",NA,"<a href=""http://twitter.com/download/android"" rel=""nofollow"">Twitter for Android</a>","CoderDojo",0,FALSE,FALSE,NA,NA
"CoderDojo Umeda@Cybozu, Inc. https://t.co/MFJJxmjFys",FALSE,1,NA,2018-03-11 09:24:46,FALSE,NA,"972765264126398464",NA,"<a href=""http://instagram.com"" rel=""nofollow"">Instagram</a>","tkc49",0,FALSE,FALSE,NA,NA
"ã€Œç¬¬23å›ã‚³ãƒ¼ãƒ€ãƒ¼é“å ´æœ­å¹Œæ± é–‹å‚¬ï¼ã€(03/17 10:00ã€œ) ãŒå…¬é–‹ã•ã‚Œã¾ã—ãŸ https://t.co/sZUzC8r5yE #connpass",FALSE,0,NA,2018-03-11 09:24:38,FALSE,NA,"972765228483006464",NA,"<a href=""https://connpass.com"" rel=""nofollow"">connpass</a>","connpass_jp",0,FALSE,FALSE,NA,NA
"ç¬¬23å›ã‚³ãƒ¼ãƒ€ãƒ¼é“å ´æœ­å¹Œæ± é–‹å‚¬ï¼ ã‚’å…¬é–‹ã—ã¾ã—ãŸï¼ https://t.co/JPWys3OnJo #CoderDojoSapporoEast",FALSE,1,NA,2018-03-11 09:24:23,FALSE,NA,"972765165035782144",NA,"<a href=""https://connpass.com"" rel=""nofollow"">connpass</a>","CoderDojoSappor",0,FALSE,FALSE,NA,NA
"Have young people in your Dojo a project they want to share with the international #CoderDojo community? Only 2 weeâ€¦ https://t.co/MFX324Ti8j",FALSE,0,NA,2018-03-11 09:24:16,TRUE,NA,"972765136699224064",NA,"<a href=""http://twitter.com/download/android"" rel=""nofollow"">Twitter for Android</a>","CoderDojo",1,FALSE,FALSE,NA,NA
"@bpmurray @PrepaidFS @TheMillDrogheda Well done to all involved í ½í¸í ½í±",FALSE,0,"bpmurray",2018-03-11 09:22:34,FALSE,"972576214698340352","972764707588378626","14364743","<a href=""http://twitter.com/download/android"" rel=""nofollow"">Twitter for Android</a>","CoderDojo",0,FALSE,FALSE,NA,NA
"Awesome seeing ninjas sharing their tech creations í ½í± https://t.co/qSZQYdk7CP",FALSE,2,NA,2018-03-11 09:21:09,FALSE,NA,"972764353417146369",NA,"<a href=""http://twitter.com/download/android"" rel=""nofollow"">Twitter for Android</a>","CoderDojo",0,FALSE,FALSE,NA,NA
"RT @mjk_0513: CoderDojoã‚±ãƒ¼ã‚­ã‚’ä½œã£ã¦ã‚‚ã‚‰ã„ã¾ã—ãŸï¼ #CoderDojoKashiwa https://t.co/sM3C9kxxj5",FALSE,0,NA,2018-03-11 09:20:29,FALSE,NA,"972764183522697216",NA,"<a href=""http://twitter.com/download/android"" rel=""nofollow"">Twitter for Android</a>","eamonnmckenna36",3,TRUE,FALSE,NA,NA
"RT @mjk_0513: CoderDojoã‚±ãƒ¼ã‚­ã‚’ä½œã£ã¦ã‚‚ã‚‰ã„ã¾ã—ãŸï¼ #CoderDojoKashiwa https://t.co/sM3C9kxxj5",FALSE,0,NA,2018-03-11 09:19:59,FALSE,NA,"972764058473717761",NA,"<a href=""http://twitter.com/download/android"" rel=""nofollow"">Twitter for Android</a>","CoderDojo",3,TRUE,FALSE,NA,NA
"https://t.co/LZTQEoIeWh
#Minecraft #Python #Coderdojo @coderdojobo",FALSE,2,NA,2018-03-11 09:17:21,FALSE,NA,"972763395345838080",NA,"<a href=""http://twitter.com"" rel=""nofollow"">Twitter Web Client</a>","sprintingkiwi",0,FALSE,FALSE,NA,NA
"03/25(æ—¥) [å‚åŠ 8äºº/å®šå“¡8äºº]https://t.co/zhH4Nc5d6Cã€CoderDojo è¥¿æ–°å®¿ï¼šç¬¬12å› 3/25ã€‘ #CoderDojo å­ã©ã‚‚ ãƒ—ãƒ­ã‚°ãƒ©ãƒŸãƒ³ã‚°é“å ´",FALSE,0,NA,2018-03-11 09:16:56,FALSE,NA,"972763292434251776",NA,"<a href=""http://upmeetup.appspot.com/"" rel=""nofollow"">upmeetup</a>","upmeetup",0,FALSE,FALSE,"139.6904861","35.6941253"
"RT @CoderdojoF: Itâ€™s a sell out for tomorrowâ€™s @CoderDojo #1 Exciting. :-) https://t.co/ytrufwSlgb",FALSE,0,NA,2018-03-11 09:08:05,FALSE,NA,"972761066697646081",NA,"<a href=""http://twitter.com/download/android"" rel=""nofollow"">Twitter for Android</a>","PiMinister",4,TRUE,FALSE,NA,NA
"RT @kwaka1208: å¤§ãã„ãƒ‹ãƒ³ã‚¸ãƒ£ã¨å°ã•ã„ãƒ‹ãƒ³ã‚¸ãƒ£ #coderdojo #japan #umeda https://t.co/H15ioVc9eB",FALSE,0,NA,2018-03-11 09:03:28,FALSE,NA,"972759900882288640",NA,"<a href=""http://twitter.com/download/iphone"" rel=""nofollow"">Twitter for iPhone</a>","tkc49",1,TRUE,FALSE,NA,NA
"ä»Šæ—¥ã¯ CoderDojoæ¢…ç”° ã§ã—ãŸï¼ #coderdojo #coderdojo-umeda https://t.co/i2UV8Jkto2",FALSE,2,NA,2018-03-11 09:01:14,FALSE,NA,"972759339281862657",NA,"<a href=""http://instagram.com"" rel=""nofollow"">Instagram</a>","tkc49",1,FALSE,FALSE,NA,NA
"I vote for CoderDojo to #UpgradeYourWorld #Vote https://t.co/46jS27jCwo &lt;- Please vote daily till August 23 so CD gâ€¦ https://t.co/84SRCkJ0rv",FALSE,0,NA,2018-03-11 08:45:06,TRUE,NA,"972755280835547137",NA,"<a href=""https://ifttt.com"" rel=""nofollow"">IFTTT</a>","khanshakeeb",0,FALSE,FALSE,NA,NA
"ã€CoderDojo(ã‚³ãƒ¼ãƒ€ãƒ¼ãƒ‰ãƒ¼ã‚¸ãƒ§ãƒ¼)ã„ã„ã§ã™ã‚ˆã­ï¼ã€‘
ã€€
è‰¯ã„è¨˜äº‹ã§ã—ãŸã€‚
ã€€
ã„ã‚ã‚“ãªæƒ³ã„ãŒç†±ã„ã§ã™ãªãƒ¼ã€‚
ã€€
ãã‚“ãã†ã‡ã¶ã§ã‚‚CoderDojoã‚„ã£ã¦ã»ã—ã„ãªãƒ¼ãƒ»ãƒ»ãƒ»ã€‚
ã€€... https://t.co/L52mz4n3xH",FALSE,0,NA,2018-03-11 08:27:45,FALSE,NA,"972750915764719616",NA,"<a href=""http://www.facebook.com/twitter"" rel=""nofollow"">Facebook</a>","netsyukyakuclub",0,FALSE,FALSE,NA,NA
"RT @CoderdojoF: Itâ€™s a sell out for tomorrowâ€™s @CoderDojo #1 Exciting. :-) https://t.co/ytrufwSlgb",FALSE,0,NA,2018-03-11 08:11:48,FALSE,NA,"972746899198488576",NA,"<a href=""http://twitter.com/download/iphone"" rel=""nofollow"">Twitter for iPhone</a>","ChrisPenn84",4,TRUE,FALSE,NA,NA
"RT @CoderdojoF: Itâ€™s a sell out for tomorrowâ€™s @CoderDojo #1 Exciting. :-) https://t.co/ytrufwSlgb",FALSE,0,NA,2018-03-11 08:05:00,FALSE,NA,"972745187565932545",NA,"<a href=""http://twitter.com/download/iphone"" rel=""nofollow"">Twitter for iPhone</a>","ItsAll_Geek2Me",4,TRUE,FALSE,NA,NA
"Itâ€™s a sell out for tomorrowâ€™s @CoderDojo #1 Exciting. :-) https://t.co/ytrufwSlgb",FALSE,8,NA,2018-03-11 08:04:45,FALSE,NA,"972745124450054144",NA,"<a href=""http://twitter.com/download/iphone"" rel=""nofollow"">Twitter for iPhone</a>","CoderdojoF",4,FALSE,FALSE,NA,NA
"RT @CDKashiwa: CoderDojo Kashiwa 100å›ç›®ã‚’è¨˜å¿µã—ãŸãƒ‘ãƒ¼ãƒ†ã‚£ãƒ¼ã‚’é–‹å‚¬ã—ã¾ã—ãŸï¼ã”æ¥å ´é ‚ã„ãŸçš†æ§˜ã€ã‚ã‚ŠãŒã¨ã†ã”ã–ã„ã¾ã—ãŸã€‚ã“ã‚Œã‹ã‚‰ã‚‚ CoderDojo Kashiwa ã‚’ã‚ˆã‚ã—ããŠã­ãŒã„è‡´ã—ã¾ã™ã€‚
#CDK100 https://t.co/kBâ€¦",FALSE,0,NA,2018-03-11 07:17:11,FALSE,NA,"972733154527031296",NA,"<a href=""https://about.twitter.com/products/tweetdeck"" rel=""nofollow"">TweetDeck</a>","Kitahara_048",3,TRUE,FALSE,NA,NA
"Join us and Coderdojo Kilkenny, Coder Dojo Waterford, CoderDojo Wexford for Megadojo Southeast at Newpark Hotel... https://t.co/X2dKdDPGy5",FALSE,3,NA,2018-03-11 07:03:50,FALSE,NA,"972729794931634178",NA,"<a href=""http://www.facebook.com/twitter"" rel=""nofollow"">Facebook</a>","coderdojoTramor",0,FALSE,FALSE,NA,NA
"RT @ole_vwdilab: We did it! First @CoderDojo for Kids in #vwag_dilab - with the best team on earth @__phg , Karsten and Nico! Great fun! Waâ€¦",FALSE,0,NA,2018-03-11 07:02:44,FALSE,NA,"972729518975868928",NA,"<a href=""http://twitter.com/download/iphone"" rel=""nofollow"">Twitter for iPhone</a>","j3s_s5t",1,TRUE,FALSE,NA,NA
"CoderDojo Kashiwa 100å›ç›®ã‚’è¨˜å¿µã—ãŸãƒ‘ãƒ¼ãƒ†ã‚£ãƒ¼ã‚’é–‹å‚¬ã—ã¾ã—ãŸï¼ã”æ¥å ´é ‚ã„ãŸçš†æ§˜ã€ã‚ã‚ŠãŒã¨ã†ã”ã–ã„ã¾ã—ãŸã€‚ã“ã‚Œã‹ã‚‰ã‚‚ CoderDojo Kashiwa ã‚’ã‚ˆã‚ã—ããŠã­ãŒã„è‡´ã—ã¾ã™ã€‚
#CDK100 https://t.co/kB512pN8Rw",FALSE,7,NA,2018-03-11 06:45:23,FALSE,NA,"972725153300819968",NA,"<a href=""https://about.twitter.com/products/tweetdeck"" rel=""nofollow"">TweetDeck</a>","CDKashiwa",3,FALSE,FALSE,NA,NA
"RT @CoderDojo: ONLY TWO WEEKS LEFT to register youths project ideas to showcase at @coolestprojects!

Take 5 minutes today to register younâ€¦",FALSE,0,NA,2018-03-11 06:43:42,FALSE,NA,"972724730334732289",NA,"<a href=""http://twitter.com/download/android"" rel=""nofollow"">Twitter for Android</a>","vladisac",10,TRUE,FALSE,NA,NA
"CoderDojoã‚±ãƒ¼ã‚­ã‚’ä½œã£ã¦ã‚‚ã‚‰ã„ã¾ã—ãŸï¼ #CoderDojoKashiwa https://t.co/sM3C9kxxj5",FALSE,14,NA,2018-03-11 06:39:19,FALSE,NA,"972723627450761216",NA,"<a href=""http://twitter.com/download/iphone"" rel=""nofollow"">Twitter for iPhone</a>","mjk_0513",3,FALSE,FALSE,NA,NA
"æœ¬æ—¥ã‚‚CoderDojoè‹¥è‘‰ã‚’é–‹å‚¬ã—ã¾ã—ãŸã€‚ä»Šæ—¥ã‚‚ãŸãã•ã‚“ã®ãŠå­ã•ã‚“ãŒç™ºè¡¨ã—ã¦ãã‚Œã¾ã—ãŸã€‚
æ¥æœˆã®é–‹å‚¬ã¯4/8(æ—¥)ã§ã™ã€‚

çµ‚ã‚ã£ãŸå¾Œã¯ã¿ã¤ã‚å°æ¡œç¥­ã‚ŠãŒã‚ã‚Šã¾ã™ã‚ˆï¼
æ˜¯éãŠè¶Šã—ä¸‹ã•ã„ã­ï¼ https://t.co/YZhSaIKKkD",FALSE,0,NA,2018-03-11 06:19:05,FALSE,NA,"972718533456019457",NA,"<a href=""http://www.facebook.com/twitter"" rel=""nofollow"">Facebook</a>","rucy703",0,FALSE,FALSE,NA,NA
"RT @GoStoneMarshall: Minecraft Has Already Taught 85 Million Students How toÂ Code https://t.co/8AYXOP9iyW https://t.co/pabCddFdl6",FALSE,0,NA,2018-03-11 06:05:56,FALSE,NA,"972715225349869568",NA,"<a href=""http://twitter.com/download/android"" rel=""nofollow"">Twitter for Android</a>","CoderDojo_CA",1,TRUE,FALSE,NA,NA
